concurrency_level,tps
1,178.15696304046156
10,211.2520335537208
50,202.96284469894823
100,195.86352846080015
200,65.61237251901358
500,0.0
1000,0.0
