concurrency_level,tps
1,180.5209981954695
10,207.4822046371805
50,197.94261143900076
100,193.94806913197897
200,66.67786385145192
500,0.0
1000,0.0
