revocation_size,our_revoke_gas,baseline_revoke_gas,our_avg_verify_gas,baseline_avg_verify_gas,our_avg_verify_time,baseline_avg_verify_time
1,31196,47514,26375.08,24016.08,0.0027065038681030273,0.0026481270790100096
10,31196,47514,26375.68,24016.68,0.00272369384765625,0.0026723861694335936
100,31196,47514,26375.8,24016.8,0.0027872657775878905,0.0027260756492614746
1000,31196,47514,26375.8,24016.8,0.0027304935455322267,0.002682466506958008
5000,31196,47514,26375.32,24016.32,0.0027331972122192384,0.0026779890060424803
